sku,gtin,identifier,title
661-5932,,No,661-5932 - Apple 512GB MLC SATA Solid State Drive for MacBook Pro A1278
661-5081,,No,661-5081 - Apple 128GB SATA 2.5-inch Hard Drive for MacBook A1278
661-4852,,No,661-4852 - Apple 128GB Solid State Drive for MacBook Pro A1261
661-5954,,No,661-5954 - Apple 750GB 5.4KRPM SATA 3G Hard Drive for MacBook Pro
661-7107,,No,661-7107 - Apple 1TB 5.4KRPM SATA 2.5-inch Hard Drive for iMac
661-6497,,No,661-6497 - Apple 1TB 5.4KRPM SATA 2.5-inch Hard Drive for MacBook Pro
661-6163,,No,661-6163 - Apple 750GB 7.2KRPM SATA 3GB/s 2.5-inch Hard Drive
661-6112,,No,661-6112 - Apple 750GB 5.4KRPM SATA 3G Hard Drive for MacBook Pro A1278
661-5864,,No,661-5864 - Apple 750GB 5.4KRPM SATA Hard Drive for MacBook Pro A1278
661-6267,,No,661-6267 - Apple 750GB 5.4KRPM SATA Hard Drive for MacBook Pro A1278
661-5837,,No,661-5837 - Apple 750GB 5.4KRPM SATA Hard Drive for MacBook Pro A1286
661-6332,,No,661-6332 - Apple 750GB 5.4KRPM SATA Hard Drive for MacBook Pro A1286
661-6117,,No,661-6117 - Apple 750GB 5.4KRPM SATA Hard Drive for MacBook Pro A1297
661-6336,,No,661-6336 - Apple 750GB 5.4KRPM SATA Hard Drive for MacBook Pro A1297
661-6178,,No,661-6178 - Apple 750GB 7.2KRPM SATA Hard Drive for MacBook Pro A1297
661-6592,,No,661-6592 - Apple 1TB 5.4KRPM SATA Hard Drive for MacBook Pro A1278
661-5177,,No,661-5177 - Apple 250GB 7.2KRPM SATA 2.5-inch Hard Drive for Macbook Pro
661-5724,,No,661-5724 - Apple 500GB 5.4KRPM SATA 3GB/s 2.5-inch Hard Drive
661-6591,,No,661-6591 - Apple 750GB 5.4KRPM SATA 3GB/s 2.5-inch Hard Drive
661-6609,,No,661-6609 - Apple 500GB OSX Hard Drive for MacBook Pro 15
661-6373,,No,661-6373 - Apple 750GB OSX Hard Drive for MacBook Pro 15
661-6610,,No,661-6610 - Apple 500GB OSX Hard Drive for MacBook
661-5728,,No,661-5728 - Apple 500GB 5.4KRPM Hard Drive for MacBook
661-6371,,No,661-6371 - Apple 750GB 5.4KRPM SATA 3G Hard Drive for MacBook Pro A1278
661-6495,,No,661-6495 - Apple 750GB 5.4KRPM SATA Hard Drive for MacBook Pro A1286
661-6496,,No,661-6496 - Apple 750GB 7.2KRPM SATA Hard Drive for MacBook Pro A1286
661-6111,,No,661-6111 - Apple 500GB 5.4KRPM SATA 3GB/s 2.5-inch Hard Drive
661-4493,,No,661-4493 - Apple 80GB 4.2KRPM PATA Hard Drive for MacBook Air A1237
661-5723,,No,661-5723 - Apple 320GB SATA 2.5-inch Hard Drive for MacBook
661-5727,,No,661-5727 - Apple 320GB OSCX Hard Drive for MacBook
661-5144,,No,661-5144 - Apple 500GB 5.4KRPM SATA 1.5GB/s 2.5-inch Hard Drive
661-5462,,No,661-5462 - Apple 500GB 5.4KRPM SATA 1.5GB/s 2.5-inch Hard Drive
661-5512,,No,661-5512 - Apple 500GB 5.4KRPM SATA Hard Drive for MacBook A1342
661-5248,,No,661-5248 - Apple 500GB 5.4KRPM SATA Hard Drive for MacBook A1342
661-5239,,No,661-5239 - Apple 500GB 5.4KRPM SATA 1.5G Hard Drive for MacBook A1181
661-5628,,No,661-5628 - Apple 500GB 5.4KRPM SATA 1.5G Hard Drive for MacBook A1342
661-5162,,No,661-5162 - Apple 500GB 5.4KRPM SATA Hard Drive for MacBook A1278
661-5498,,No,661-5498 - Apple 500GB 5.4KRPM SATA Hard Drive MacBook Pro A1278
661-5146,,No,661-5146 - Apple 500GB 7.2KRPM SATA Hard Drive for MacBook Pro A1286
661-5153,,No,661-5153 - Apple 500GB 5.4KRPM SATA Hard Drive for MacBook Pro A1297
661-5154,,No,661-5154 - Apple 500GB 7.2KRPM SATA Hard Drive for MacBook Pro A1297
661-5456,,No,661-5456 - Apple 500GB 7.2KRPM SATA Hard Drive for MacBook Pro A1297
661-6266,,No,661-6266 - Apple 500GB 5.4KRPM SATA 3GB/s 2.5-inch Hard Drive
661-6118,,No,661-6118 - Apple 500GB 7.2KRPM SATA 3GB/s 2.5-inch Hard Drive
661-5863,,No,661-5863 - Apple 500GB 5.4KRPM SATA 3G Hard Drive for MacBook Pro A1278
661-5971,,No,661-5971 - Apple 500GB 7.2KRPM SATA Hard Drive for MacBook Pro A1286
661-6113,,No,661-6113 - Apple 500GB 7.2KRPM Hard Drive for MacBook Pro A1286
661-6331,,No,661-6331 - Apple 500GB 5.4KRPM SATA Hard Drive for MacBook Pro A1286
661-5955,,No,661-5955 - Apple 500GB 7.2KRPM SATA Hard Drive for MacBook Pro A1297
661-6099,,No,661-6099 - Apple 320GB 5.4KRPM SATA 3G Hard Drive for MacBook 13-inch
655-167A,,No,655-167A - Apple 750GB 5.4KRPM SATA 3GB/s 2.5-inch Hard Drive
661-6097,,No,661-6097 - Apple 500GB 5.4KRPM SATA 3GB/s 2.5-inch Hard Drive
661-6096,,No,661-6096 - Apple 500GB 5.4KRPM SATA 3GB/s 2.5-inch Hard Drive
661-6092,,No,661-6092 - Apple 500GB 5.4KRPM SATA 3GB/s 2.5-inch Hard Drive
661-7023,,No,661-7023 - Apple 500GB 5.4KRPM SATA 3GB/s 2.5-inch Hard Drive
661-6009,,No,661-6009 - Apple 500GB 5.4KRPM SATA 3GB/s 2.5-inch Hard Drive
661-6372,,No,661-6372 - Apple 500GB 7.2KRPM Hard Drive for MacBook Pro 15
661-6611,,No,661-6611 - Apple 500GB 5.4KRPM Hard Drive for MacBook Pro
661-6374,,No,661-6374 - Apple 500GB 7.2KRPM Hard Drive for MacBook Pro 17
661-6608,,No,661-6608 - Apple 500GB 5.4KRPM SATA 3G Hard Drive for MacBook A1181
661-6370,,No,661-6370 - Apple 500GB 5.4KRPM SATA 3G Hard Drive for MacBook Pro A1278
661-6005,,No,661-6005 - Apple 500GB 5.4KRPM SATA 3G Hard Drive for MacBook Pro A1278
661-6015,,No,661-6015 - Apple 500GB 5.4KRPM SATA 3G Hard Drive for MacBook Pro A1278
661-6590,,No,661-6590 - Apple 500GB 5.4KRPM SATA Hard Drive for MacBook Pro A1278
661-6006,,No,661-6006 - Apple 500GB 7.2KRPM Hard Drive for MacBook Pro A1286
661-6016,,No,661-6016 - Apple 500GB 7.2KRPM SATA Hard Drive for MacBook Pro A1286
661-6090,,No,661-6090 - Apple 500GB 5.4KRPM SATA Hard Drive for MacBook Pro A1286
661-6091,,No,661-6091 - Apple 500GB 7.2KRPM SATA Hard Drive for MacBook Pro A1286
661-6494,,No,661-6494 - Apple 500GB 5.4KRPM SATA Hard Drive for MacBook Pro A1286
661-6010,,No,661-6010 - Apple 500GB 7.2KRPM Hard Drive for MacBook Pro A1297
661-6017,,No,661-6017 - Apple 500GB 5.4KRPM Hard Drive for MacBook Pro A1297
661-6018,,No,661-6018 - Apple 500GB 7.2KRPM Hard Drive for MacBook Pro A1297
661-6093,,No,661-6093 - Apple 500GB 7.2KRPM Hard Drive for MacBook Pro A1297
661-6110,,No,661-6110 - Apple 320GB 5.4KRPM SATA 3G Hard Drive for MacBook A1278
661-5862,,No,661-5862 - Apple 320GB 5.4KRPM SATA 3G Hard Drive for MacBook Pro A1278
661-6013,,No,661-6013 - Apple 320GB 5.4KRPM SATA 3GB/s 2.5-inch Hard Drive
661-5726,,No,661-5726 - Apple 250GB OSCX Hard Drive for MacBook
661-6003,,No,661-6003 - Apple 320GB 5.4KRPM Hard Drive for MacBook A1181
661-6095,,No,661-6095 - Apple 320GB 5.4KRPM SATA 3G Hard Drive for MacBook A1278
661-6008,,No,661-6008 - Apple 320GB 7.2KRPM SATA Hard Drive for MacBook Pro A1297
661-4939,,No,661-4939 - Apple 320GB 5.4KRPM SATA 1.5GB/s 2.5-inch Hard Drive
661-5497,,No,661-5497 - Apple 320GB 5.4KRPM SATA 3GB/s 2.5-inch Hard Drive
661-5143,,No,661-5143 - Apple 320GB 5.4KRPM SATA 1.5GB/s 2.5-inch Hard Drive
661-5461,,No,661-5461 - Apple 320GB 5.4KRPM SATA 3GB/s 2.5-inch Hard Drive
661-4850,,No,661-4850 - Apple 320GB 5.4KRPM SATA 1.5GB/s 2.5-inch Hard Drive
661-4765,,No,661-4765 - Apple 320GB 7.2KRPM SATA 1.5GB/s 2.5-inch Hard Drive
661-4735,,No,661-4735 - Apple 320GB 5.4KRPM SATA 1.5GB/s 2.5-inch Hard Drive
661-5161,,No,661-5161 - Apple 320GB 5.4KRPM SATA 1.5GB/s 2.5-inch Hard Drive
661-4096,,No,661-4096 - Apple 100GB 7.2KRPM SATA 1.5GB/s 2.5-inch Hard Drive
661-5511,,No,661-5511 - Apple 320GB 5.4KRPM SATA 2.5-inch Hard Drive for MacBook 13
661-5024,,No,661-5024 - Apple 320GB 5.4KRPM SATA 1.5G Hard Drive for MacBook A1181
661-4732,,No,661-4732 - Apple 320GB 5.4KRPM SATA 1.5G Hard Drive for MacBook A1278
661-5080,,No,661-5080 - Apple 320GB 5.4KRPM SATA 1.5G Hard Drive for MacBook A1278
661-5247,,No,661-5247 - Apple 320GB 5.4KRPM SATA Hard Drive for MacBook A1342
661-5238,,No,661-5238 - Apple 320GB 5.4KRPM SATA 1.5G Hard Drive for MacBook A1181
661-5627,,No,661-5627 - Apple 320GB 5.4KRPM SATA Hard Drive for MacBook A1342
661-5084,,No,661-5084 - Apple 320GB 5.4KRPM SATA Hard Drive for MacBook A1286
661-5086,,No,661-5086 - Apple 320GB 7.2KRPM SATA Hard Drive for MacBook Pro A1286
661-5145,,No,661-5145 - Apple 320GB 7.2KRPM SATA Hard Drive for MacBook Pro A1286
661-5463,,No,661-5463 - Apple 500GB 7.2KRPM SATA Hard Drive for MacBook Pro A1286
661-4940,,No,661-4940 - Apple 320GB 7.2KRPM SATA Hard Drive for MacBook Pro A1297
661-4621,,No,661-4621 - Apple 300GB 4.2KRPM SATA Hard Drive for MacBook Pro A1261
661-4851,,No,661-4851 - Apple 320GB 7.2KRPM SATA Hard Drive for MacBook Pro A1261
661-5148,,No,661-5148 - Apple 250GB 7.2KRPM SATA Hard Drive for MacBook Pro A1212
661-4747,,No,661-4747 - Apple 200GB 7.2KRPM SATA Hard Drive for MacBook Pro A1212
661-3674,,No,661-3674 - Apple 80GB 5.4KRPM ATA-100 2.5-inch Hard Drive
661-7191,,No,661-7191 - Apple 500GB 7.2KRPM OSX Hard Drive for MacBook Pro 15
661-5722,,No,661-5722 - Apple 250GB OSCX Hard Drive for MacBook
661-5721,,No,661-5721 - Apple 250GB OSCX Hard Drive for MacBook
661-6002,,No,661-6002 - Apple 250GB 5.4KRPM SATA 3G Hard Drive for MacBook A1181
661-6369,,No,661-6369 - Apple 320GB 5.4KRPM SATA 3G Hard Drive for MacBook Pro A1278
661-6012,,No,661-6012 - Apple 250GB 5.4KRPM SATA 3G Hard Drive for MacBook A1278
661-5924,,No,661-5924 - Apple 320GB 7.2KRPM Hard Drive for MacBook Pro A1226
661-5923,,No,661-5923 - Apple 320GB 7.2KRPM Hard Drive for MacBook Pro A1260
661-6004,,No,661-6004 - Apple 320GB 7.2KRPM Hard Drive for MacBook Pro A1286
661-6014,,No,661-6014 - Apple 320GB 7.2KRPM Hard Drive for MacBook Pro A1286
661-6089,,No,661-6089 - Apple 320GB 5.4KRPM SATA Hard Drive for MacBook Pro A1286
661-6007,,No,661-6007 - Apple 320GB 5.4KRPM SATA Hard Drive for MacBook A1297
661-5925,,No,661-5925 - Apple 320GB 5.4KRPM SATA Hard Drive for MacBook Pro A1261
661-4142,,No,661-4142 - Apple 200GB 4.2KRPM SATA 1.5GB/s 2.5-inch Hard Drive
661-4583,,No,661-4583 - Apple 250GB 5.4KRPM SATA 1.5GB/s 2.5-inch Hard Drive
661-5237,,No,661-5237 - Apple 250GB 5.4KRPM SATA 1.5GB/s 2.5-inch Hard Drive
661-5023,,No,661-5023 - Apple 250GB 5.4KRPM SATA 1.5GB/s 2.5-inch Hard Drive
661-4620,,No,661-4620 - Apple 250GB 5.4KRPM SATA 1.5GB/s 2.5-inch Hard Drive
661-4746,,No,661-4746 - Apple 250GB 5.4KRPM SATA 1.5GB/s 2.5-inch Hard Drive
661-5079,,No,661-5079 - Apple 250GB 5.4KRPM SATA 1.5GB/s 2.5-inch Hard Drive
661-5142,,No,661-5142 - Apple 250GB 5.4KRPM SATA 1.5G Hard Drive for MacBook Pro
661-4489,,No,661-4489 - Apple 250GB 5.4KRPM SATA 1.5G Hard Drive for MacBook A1181
661-4731,,No,661-4731 - Apple 250GB 5.4KRPM SATA 1.5G Hard Drive for MacBook A1278
661-5510,,No,661-5510 - Apple 250GB 5.4KRPM SATA 3G Hard Drive for MacBook A1342
661-5246,,No,661-5246 - Apple 250GB 5.4KRPM SATA Hard Drive for MacBook A1342
661-5160,,No,661-5160 - Apple 500GB 5.4KRPM SATA Cache Hard Drive for MacBook A1278
661-4601,,No,661-4601 - Apple 200GB 5.4KRPM SATA Hard Drive for MacBook Pro A1260
661-4602,,No,661-4602 - Apple 200GB 7.2KRPM SATA Hard Drive for MacBook Pro A1260
661-4603,,No,661-4603 - Apple 250GB 7.2KRPM SATA Hard Drive for MacBook Pro A1260
661-4582,,No,661-4582 - Apple 200GB 7.2KRPM SATA Hard Drive for MacBook Pro A1226
661-4734,,No,661-4734 - Apple 250GB 5.4KRPM SATA Hard Drive for MacBook Pro A1286
661-4764,,No,661-4764 - Apple 250GB 5.4KRPM SATA Hard Drive for MacBook Pro A1286
661-5083,,No,661-5083 - Apple 250GB 5.4KRPM SATA Hard Drive for MacBook Pro A1286
661-5085,,No,661-5085 - Apple 250GB 7.2KRPM SATA Hard Drive for MacBook Pro A1286
661-4135,,No,661-4135 - Apple 200GB 4.2KRPM SATA Hard Drive for MacBook Pro A1212
661-4619,,No,661-4619 - Apple 200GB 7.2KRPM SATA Hard Drive for MacBook Pro A1261
661-4281,,No,661-4281 - Apple 250GB 4.2KRPM SATA Hard Drive for MacBook Pro A1229
661-4744,,No,661-4744 - Apple 250GB 5.4KRPM SATA 2.5-inch Hard Drive
661-6108,,No,661-6108 - Apple 320GB 5.4KRPM SATA 3GB/s 2.5-inch Hard Drive
661-5918,,No,661-5918 - Apple 250GB 5.4KRPM SATA 3GB/s 2.5-inch Hard Drive
661-6098,,No,661-6098 - Apple 250GB 5.4KRPM SATA 3GB/s 2.5-inch Hard Drive
661-6094,,No,661-6094 - Apple 250GB 5.4KRPM SATA 3GB/s 2.5-inch Hard Drive
661-6107,,No,661-6107 - Apple 250GB 5.4KRPM SATA 3GB/s Hard Drive for MacBook
661-5725,,No,661-5725 - Apple 160GB OSCX Hard Drive for MacBook
661-6001,,No,661-6001 - Apple 160GB 5.4KRPM SATA 1.5Gb/s Hard Drive for MacBook A1181
661-6011,,No,661-6011 - Apple 160GB 5.4KRPM SATA Cache Hard Drive for MacBook A1278
661-5920,,No,661-5920 - Apple 250GB 5.4KRPM SATA Hard Drive for MacBook Pro A1226
661-5919,,No,661-5919 - Apple 250GB 5.4KRPM SATA Hard Drive for MacBook Pro A1226
661-5455,,No,661-5455 - Apple 500GB 5.4KRPM SATA Hard Drive for MacBook Pro A1297
661-6086,,No,661-6086 - Apple 250GB 5.4KRPM SATA 2.5-inch Hard Drive
661-5159,,No,661-5159 - Apple 160GB 5.4KRPM SATA 1.5GB/s 2.5-inch Hard Drive
661-5078,,No,661-5078 - Apple 160GB 5.4KRPM SATA 1.5GB/s 2.5-inch Hard Drive
661-4359,,No,661-4359 - Apple 160GB 7.2KRPM SATA 1.5GB/s 2.5-inch Hard Drive
661-4336,,No,661-4336 - Apple 160GB 7.2KRPM SATA 1.5GB/s 2.5-inch Hard Drive
661-4280,,No,661-4280 - Apple 160GB 5.4KRPM SATA 1.5GB/s 2.5-inch Hard Drive
661-4087,,No,661-4087 - Apple 80GB 5.4KRPM SATA 1.5GB/s 2.5-inch Hard Drive
661-5554,,No,661-5554 - Apple 160GB OSX Hard Drive for MacBook
661-4700,,No,661-4700 - Apple 120GB 5.4KRPM SATA 1.5G Hard Drive for MacBook A1181
661-4701,,No,661-4701 - Apple 160GB 5.4KRPM SATA 1.5G Hard Drive for MacBook A1181
661-5022,,No,661-5022 - Apple 160GB 5.4KRPM SATA 1.5G Hard Drive for MacBook A1181
661-4088,,No,661-4088 - Apple 120GB 5.4KRPM SATA 1.5G Hard Drive for MacBook A1181
661-4089,,No,661-4089 - Apple 160GB 5.4KRPM SATA 1.5G Hard Drive for MacBook A1181
661-4487,,No,661-4487 - Apple 120GB 5.4KRPM SATA 1.5G Hard Drive for MacBook A1181
661-4488,,No,661-4488 - Apple 160GB 5.4KRPM SATA 1.5G Hard Drive for MacBook A1181
661-4730,,No,661-4730 - Apple 160GB 5.4KRPM SATA 1.5G Hard Drive for MacBook A1181
661-5236,,No,661-5236 - Apple 160GB 5.4KRPM SATA 1.5G Hard Drive for MacBook A1181
661-4277,,No,661-4277 - Apple 120GB 5.4KRPM SATA Hard Drive for MacBook Pro A1226
661-4278,,No,661-4278 - Apple 160GB 5.4KRPM SATA Hard Drive for MacBook Pro A1226
661-3855,,No,661-3855 - Apple 120GB 5.4KRPM SATA Hard Drive for MacBook Pro A1181
661-4097,,No,661-4097 - Apple 160GB 5.4KRPM SATA Hard Drive for MacBook Pro A1212
661-3908,,No,661-3908 - Apple 120GB 5.4KRPM SATA Hard Drive for MacBook Pro A1151
661-5421,,No,661-5421 - Apple 160GB 5.4KRPM SATA Hard Drive for MacBook Pro A1151
661-5917,,No,661-5917 - Apple 160GB 5.4KRPM Cache Hard Drive for MacBook Pro A1226
661-5916,,No,661-5916 - Apple 160GB 5.4KRPM Cache Hard Drive for MacBook Pro A1226
661-3854,,No,661-3854 - Apple 100GB 5.4KRPM SATA 1.5GB/s 2.5-inch Hard Drive
661-3907,,No,661-3907 - Apple 100GB 7.2KRPM SATA 1.5GB/s 2.5-inch Hard Drive
661-5021,,No,661-5021 - Apple 120GB 5.4KRPM SATA 1.5GB/s 2.5-inch Hard Drive
655-1583,,No,655-1583 - Apple 160GB 5.4KRPM SATA 2.5-inch Hard Drive
661-3853,,No,661-3853 - Apple 80GB 5.4KRPM SATA 1.5GB/s 2.5-inch Hard Drive
661-3090,,No,661-3090 - Apple 80GB 5.4KRPM ATA-100 2.5-inch Hard Drive
661-3856,,No,661-3856 - Apple 100GB 7.2KRPM SATA 1.5GB/s 2.5-inch Hard Drive
661-4419,,No,661-4419 - Apple 80GB 5.4KRPM SATA 1.5GB/s 2.5-inch Hard Drive
661-4486,,No,661-4486 - Apple 80GB 5.4KRPM SATA 1.5GB/s 2.5-inch Hard Drive
661-3742,,No,661-3742 - Apple 120GB 5.4KRPM ATA-100 2.5-inch Hard Drive
661-4086,,No,661-4086 - Apple 60GB 5.4KRPM SATA 1.5G Hard Drive for MacBook A1181
661-2928,,No,661-2928 - Apple 60GB 4.2KRPM ATA-100 2.5-inch Hard Drive for PowerBook
661-3432,,No,661-3432 - Apple 60GB 5.4KRPM ATA-100 2.5-inch Hard Drive
655-1401,,No,655-1401 - Apple 80GB 5.4KRPM SATA 2.5-inch Hard Drive
655-1138,,No,655-1138 - Apple 80GB 5.4KRPM ATA-100 2.5-inch Hard Drive
655-0793,,No,655-0793 - Apple 18GB 4.2KRPM IDE ATA-66 2.5-inch Hard Drive
655T0114,,No,655T0114 - Apple 20GB 4.2KRPM IDE ATA-100 Hard Drive
655T0110,,No,655T0110 - Apple 15GB 4.2KRPM IDE ATA-100 2.5-inch Hard Drive
655-1312,,No,655-1312 - Apple 60GB 5.4KRPM SATA 1.5GB/s 2.5-inch Hard Drive
661-2827,,No,661-2827 - Apple 60GB 5.4KRPM ATA-66 2.5-inch Hard Drive
655-0989,,No,655-0989 - Apple 60GB 5.4KRPM IDE ATA-100 Hard Drive
655-1339,,No,655-1339 - Apple 80GB 5.4KRPM SATA 2.5-inch Hard Drive
655-1082,,No,655-1082 - Apple 60GB 7.2KRPM ATA-100 2.5-inch Hard Drive
661-2794,,No,661-2794 - Apple 60GB 4.2KRPM ATA-100 2.5-inch Hard Drive
661-2348,,No,661-2348 - Apple 12GB 4.2KRPM ATA-66 2.5-inch Hard Drive
665T0021,,No,665T0021 - Apple 18GB 2.5-inch Hard Drive
661-4638,,No,661-4638 - Apple 160GB 5.4KRPM SATA 1.5GB/s 2.5-inch Hard Drive
661-3408,,No,661-3408 - Apple 80GB 4.2KRPM ATA-100 2.5-inch Hard Drive
655-0498,,No,655-0498 - Apple 2.1GB 4000RPM ATA IDE 2.5-inch Hard Drive
661-4283,,No,661-4283 - Apple 80GB 5.4KRPM SATA 1.5GB/s 2.5-inch Hard Drive
661-3469,,No,661-3469 - Apple 80GB 5.4KRPM ATA-100 2.5-inch Hard Drive
MC729ZM/A,,No,MC729ZM/A - Apple 1TB SATA ZML Hard Drive for Mac Pro Mid 2010
655-130B,,No,655-130B - Apple 60GB 5.4KRPM SATA 1.5GB/s 2.5-inch Hard Drive
655-0992,,No,655-0992 - Apple 60GB 4.2KRPM ATA-100 2.5-inch Hard Drive
655-1056,,No,655-1056 - Apple 60GB 4.2KRPM ATA-100 2.5-inch Hard Drive
655-0786,,No,655-0786 - Apple 6GB 2.5-inch Hard Drive
661-3632,,No,661-3632 - Apple 40GB 4.2KRPM IDE ATA-100 2.5-inch Hard Drive
655T0770,,No,655T0770 - Apple 3.2GB 4.2KRPM ATA-33 2.5-inch Hard Drive
655-0787,,No,655-0787 - Apple 6GB 4.2KRPM ATA-66 2.5-inch Hard Drive
655-1018,,No,655-1018 - Apple 30GB 4.2KRPM IDE ATA-100 Hard Drive
655-0542,,No,655-0542 - Apple 4GB 4.2KRPM ATA-33 2.5-inch Hard Drive
655-1413A,,No,655-1413A - Apple 200GB 7.2KRPM SATA 1.5GB/s 2.5-inch Hard Drive
613699-002,,No,613699-002 - Compaq 640GB 7.2KRPM SATA 3GB/s 2.5-inch Hard Drive
287285-001,,No,287285-001 - Compaq 2.1GB 4000RPM EIDE 2.5-inch Hard Drive
462332-001,,No,462332-001 - Compaq 120GB 7.2KRPM SATA 1.5GB/s 2.5-inch Hard Drive
309275-001,,No,309275-001 - Compaq 60GB 4.2KRPM ATA IDE 2.5-inch Hard Drive
273669-001,,No,273669-001 - Compaq 1.8GB 4000RPM EIDE 2.5-inch Hard Drive
291723-002,,No,291723-002 - Compaq 5.1GB IDE 2.5-inch Hard Drive
123928-001,,No,123928-001 - Compaq 6.4GB IDE Hard Drive
336478-001,,No,336478-001 - Compaq 80GB 5.4KRPM 2.5-inch Hard Drive
285277-001,,No,285277-001 - Compaq 60GB 5.4KRPM IDE ATA-100 2.5-inch Hard Drive
345631-001,,No,345631-001 - Compaq 60GB 5.4KRPM ATA-100 2.5-inch Hard Drive
378215-001,,No,378215-001 - Compaq 60GB 5.4KRPM ATA-100 2.5-inch Hard Drive
461951-001,,No,461951-001 - Compaq 120GB 5.4KRPM SATA 1.5GB/s 2.5-inch Hard Drive
608436-001,,No,608436-001 - Compaq 750GB 7.2KRPM 2.5-inch SATA 3GB/s Hard Drive
305806-002,,No,305806-002 - Compaq 4GB IDE 2.5-inch Hard Drive
221126-001,,No,221126-001 - Compaq 15GB 2.5-inch Hard Drive
415587-001,,No,415587-001 - Compaq 120GB 5.4KRPM SATA 1.5GB/s 2.5-inch Hard Drive
255292-001,,No,255292-001 - Compaq 4GB 4000RPM ATA-3 IDE Hard Drive
241429-001,,No,241429-001 - Compaq 15GB 4.2KRPM IDE 2.5-inch Hard Drive
645214-001,,No,645214-001 - Compaq 320GB SATA 2.5-inch Hard Drive
344407-001,,No,344407-001 - Compaq 80GB 5.4KRPM ATA-100 2.5-inch Hard Drive
355922-001,,No,355922-001 - Compaq 80GB 5.4KRPM ATA-100 2.5-inch Hard Drive
431336-832,,No,431336-832 - Compaq 80GB 5.4KRPM SATA 1.5GB/s 2.5-inch Hard Drive
DB0A-2351,,No,DB0A-2351 - Compaq 350MB IDE 2.5-inch Hard Drive
390998-001,,No,390998-001 - Compaq 40GB 5.4KRPM ATA-100 2.5-inch Hard Drive
325524-001,,No,325524-001 - Compaq 60GB 5.4KRPM ATA-100 2.5-inch Hard Drive
476772-001,,No,476772-001 - Compaq 60GB 5.4KRPM ATA-100 2.5-inch Hard Drive
386916-001,,No,386916-001 - Compaq 6.4GB 4.2KRPM IDE ATA 2.5-inch Hard Drive
305868-001,,No,305868-001 - Compaq 4GB 4000RPM IDE ATA 2.5-inch Hard Drive
358958-001,,No,358958-001 - Compaq 6.4GB IDE 2.5-inch Hard Drive
450493-001,,No,450493-001 - Compaq 100GB 7.2KRPM SATA 1.5GB/s 2.5-inch Hard Drive
380258-001,,No,380258-001 - Compaq 100GB 5.4KRPM ATA-100 2.5-inch Hard Drive
336472-003,,No,336472-003 - Compaq 60GB 5.4KRPM ATA-100 2.5-inch Hard Drive
493992-001,,No,493992-001 - Compaq 160GB 7.2KRPM SATA 3GB/s 2.5-inch Hard Drive
488744-001,,No,488744-001 - Compaq 250GB 5.4KRPM SATA 3GB/s 2.5-inch Hard Drive
136245-001,,No,136245-001 - Compaq 4GB 4.2KRPM ATA-33 2.5-inch Hard Drive
138213-001,,No,138213-001 - Compaq 12GB 4.2KRPM ATA 66 2.5-inch Hard Drive
123927-001,,No,123927-001 - Compaq 4GB IDE 2.5-inch Hard Drive
136246-001,,No,136246-001 - Compaq 6.4GB IDE 2.5-inch Hard Drive for Armada M300
03L5241,,No,03L5241 - Compaq 3GB 4.2KRPM ATA-33 2.5-inch Hard Drive
135217-001,,No,135217-001 - Compaq 6GB IDE Hard Drive for Armada M700
CR647-67028,,No,CR647-67028 - Compaq 160GB 5.4KRPM SATA 3GB/s 2.5-inch Hard Drive
462754-001,,No,462754-001 - Compaq 80GB 5.4KRPM SATA 1.5GB/s 2.5-inch Hard Drive
531291-002,,No,531291-002 - Compaq 160GB 7.2KRPM SATA 3GB/s 2.5-inch Hard Drive
446855-001,,No,446855-001 - Compaq 80GB 5.4KRPM SATA 1.5GB/s 2.5-inch Hard Drive
445937-001,,No,445937-001 - Compaq 80GB 5.4KRPM SATA 1.5GB/s 2.5-inch Hard Drive
350213-001,,No,350213-001 - Compaq 80GB 5.4KRPM ATA-100 2.5-inch Hard Drive
227886-001,,No,227886-001 - Compaq 15GB 4.2KRPM ATA-100 2.5-inch Hard Drive
376771-001,,No,376771-001 - Compaq 100GB 4.2KRPM IDE ATA-100 2.5-inch Hard Drive
315081-001,,No,315081-001 - Compaq 8GB IDE Hard Drive for Armada 77XX 7800 series
335928-001,,No,335928-001 - Compaq 60GB 4.2KRPM ATA-100 2.5-inch Hard Drive
255248-001,,No,255248-001 - Compaq 2GB 4000RPM ATA-33 2.5-inch Hard Drive
221655-001,,No,221655-001 - Compaq 12GB IDE 2.5-inch Hard Drive
272478-001,,No,272478-001 - Compaq 2GB 4500RPM ATA 2.5-inch Hard Drive
255130-001,,No,255130-001 - Compaq 2.1GB Hard Drive for Armada 1500
445171-ABC,,No,445171-ABC - Compaq 80GB 5.4KRPM SATA 1.5GB/s 2.5-inch Hard Drive
454994-003,,No,454994-003 - Compaq 80GB 5.4KRPM SATA 1.5GB/s 2.5-inch Hard Drive
144410-001,,No,144410-001 - Compaq 4GB 4.2KRPM ATA-33 2.5-inch Hard Drive
199275-001,,No,199275-001 - Compaq 172MB 3500RPM IDE ATA 2.5-inch Hard Drive
273040-001,,No,273040-001 - Compaq 2.1GB IDE Hard Drive for Armada 7300
0KY48G,,No,0KY48G - Dell 500GB 7.2KRPM SATA 3GB/s 2.5-inch Hard Drive
0KT93N,,No,0KT93N - Dell 2TB 7.2KRPM SATA 6GB/s 2.5-inch Hard Drive
KT93N,,No,KT93N - Dell 2TB 7.2KRPM SATA 6GB/s 2.5-inch Hard Drive
N205N,,No,N205N - Dell 500GB 7.2KRPM SATA 3GB/s 2.5-inch Hard Drive
0N205N,,No,0N205N - Dell 500GB 7.2KRPM SATA 3GB/s 2.5-inch Hard Drive
FR473,,No,FR473 - Dell 300GB 4.2KRPM SATA 1.5GB/s 2.5-inch Hard Drive
0FR473,,No,0FR473 - Dell 300GB 4.2KRPM SATA 1.5GB/s 2.5-inch Hard Drive
W9TJF,,No,W9TJF - Dell 750GB 7.2KRPM SATA 3GB/s 2.5-inch Hard Drive
0W9TJF,,No,0W9TJF - Dell 750GB 7.2KRPM SATA 3GB/s 2.5-inch Hard Drive
0377D,,No,0377D - Dell 4GB 4.2KRPM ATA-33 2.5-inch Hard Drive
00377D,,No,00377D - Dell 4GB 4.2KRPM ATA-33 2.5-inch Hard Drive
3990T,,No,3990T - Dell 6GB 4.2KRPM ATA-66 2.5-inch Hard Drive
03990T,,No,03990T - Dell 6GB 4.2KRPM ATA-66 2.5-inch Hard Drive
JJ876,,No,JJ876 - Dell 100GB 5.4KRPM SATA 3GB/s 2.5-inch Hard Drive
0JJ876,,No,0JJ876 - Dell 100GB 5.4KRPM SATA 3GB/s 2.5-inch Hard Drive
HN831,,No,HN831 - Dell 100GB 5.4KRPM SATA 3GB/s 2.5-inch Hard Drive
0HN831,,No,0HN831 - Dell 100GB 5.4KRPM SATA 3GB/s 2.5-inch Hard Drive
MW783,,No,MW783 - Dell 100GB 5.4KRPM SATA 3GB/s 2.5-inch Hard Drive
P2322,,No,P2322 - Dell 100GB 5.4KRPM ATA-100 2.5-inch Hard Drive
PJ188,,No,PJ188 - Dell 100GB 5.4KRPM SATA 3GB/s 2.5-inch Hard Drive
0MW783,,No,0MW783 - Dell 100GB 5.4KRPM SATA 3GB/s 2.5-inch Hard Drive
0P2322,,No,0P2322 - Dell 100GB 5.4KRPM ATA-100 2.5-inch Hard Drive
0PJ188,,No,0PJ188 - Dell 100GB 5.4KRPM SATA 3GB/s 2.5-inch Hard Drive
0NP7XK,,No,0NP7XK - Dell 3TB 7.2KRPM SATA 6GB/s 2.5-inch Hard Drive
PY469,,No,PY469 - Dell 120GB 5.4KRPM ATA-100 2.5-inch Hard Drive
0PY469,,No,0PY469 - Dell 120GB 5.4KRPM ATA-100 2.5-inch Hard Drive
01NFJK,,No,01NFJK - Dell 80GB 5.4KRPM ATA-100 2.5-inch Hard Drive
1NFJK,,No,1NFJK - Dell 80GB 5.4KRPM ATA-100 2.5-inch Hard Drive
0V4YN1,,No,0V4YN1 - Dell 2TB 5.4KRPM SATA 6GB/s 2.5-inch Hard Drive
V4YN1,,No,V4YN1 - Dell 2TB 5.4KRPM SATA 6GB/s 2.5-inch Hard Drive
400-ADEQ,,No,400-ADEQ - Dell 1TB 7.2KRPM SATA 3GB/s 2.5-inch Hard Drive
T520H,,No,T520H - Dell 80GB 4.2KRPM ATA-100 1.8-inch Hard Drive
0T520H,,No,0T520H - Dell 80GB 4.2KRPM ATA-100 1.8-inch Hard Drive
W116F,,No,W116F - Dell 250GB 7.2KRPM SATA-300 2.5-inch Hard Drive
2X4PY,,No,2X4PY - Dell 120GB 5.4KRPM SATA 3GB/s 2.5-inch Hard Drive
RX864,,No,RX864 - Dell 160GB 5.4KRPM SATA 3GB/s 2.5-inch Hard Drive
02X4PY,,No,02X4PY - Dell 120GB 5.4KRPM SATA 3GB/s 2.5-inch Hard Drive
0RX864,,No,0RX864 - Dell 160GB 5.4KRPM SATA 3GB/s 2.5-inch Hard Drive
4C7P2,,No,4C7P2 - Dell 640GB 7.2KRPM SATA 3GB/s 2.5-inch Hard Drive
04C7P2,,No,04C7P2 - Dell 640GB 7.2KRPM SATA 3GB/s 2.5-inch Hard Drive
RX710,,No,RX710 - Dell 160GB 5.4KRPM SATA 3GB/s 2.5-inch Hard Drive
0RX710,,No,0RX710 - Dell 160GB 5.4KRPM SATA 3GB/s 2.5-inch Hard Drive
YU236,,No,YU236 - Dell 160GB 5.4KRPM SATA 3GB/s 2.5-inch Hard Drive
0YU236,,No,0YU236 - Dell 160GB 5.4KRPM SATA 3GB/s 2.5-inch Hard Drive
0RWPPJ,,No,0RWPPJ - Dell 500GB 7.2KRPM SATA 3GB/s 2.5-inch Hard Drive
64H58,,No,64H58 - Dell 1TB 5.4KRPM SATA 3GB/s 2.5-inch Hard Drive
064H58,,No,064H58 - Dell 1TB 5.4KRPM SATA 3GB/s 2.5-inch Hard Drive
0XXF32,,No,0XXF32 - Dell 1TB 5.4KRPM SATA 3GB/s 2.5-inch Hard Drive
XXF32,,No,XXF32 - Dell 1TB 5.4KRPM SATA 3GB/s 2.5-inch Hard Drive
MU337,,No,MU337 - Dell 320GB 7.2KRPM SATA 3GB/s 2.5-inch Hard Drive
0MU337,,No,0MU337 - Dell 320GB 7.2KRPM SATA 3GB/s 2.5-inch Hard Drive
DN928,,No,DN928 - Dell 80GB 5.4KRPM SATA 1.5GB/s 2.5-inch Hard Drive
0DN928,,No,0DN928 - Dell 80GB 5.4KRPM SATA 1.5GB/s 2.5-inch Hard Drive
400-ACXU,,No,400-ACXU - Dell 1TB 7.2KRPM SATA 6GB/s 2.5-inch Hard Drive
401-AAHN,,No,401-AAHN - Dell 1TB 7.2KRPM SATA 6GB/s 2.5-inch Hard Drive
T941H,,No,T941H - Dell 400GB 5.4KRPM SATA 3GB/s 2.5-inch Hard Drive
0T941H,,No,0T941H - Dell 400GB 5.4KRPM SATA 3GB/s 2.5-inch Hard Drive
09Y8P6,,No,09Y8P6 - Dell 1TB 7.2KRPM SATA 6GB/s 2.5-inch Hard Drive
0898HD,,No,0898HD - Dell 1TB 7.2KRPM SATA 6GB/s 2.5-inch Hard Drive
PCW89,,No,PCW89 - Dell 320GB 5.4KRPM SATA 3GB/s 2.5-inch Hard Drive
0PCW89,,No,0PCW89 - Dell 320GB 5.4KRPM SATA 3GB/s 2.5-inch Hard Drive
0WY2P6,,No,0WY2P6 - Dell 1TB 7.2KRPM SATA 6GB/s 2.5-inch Hard Drive
464-0543,,No,464-0543 - Dell 250GB 7.2KRPM SATA 2.5-inch Hard Drive
WG085,,No,WG085 - Dell 60GB 5.4KRPM SATA 1.5GB/s 2.5-inch Hard Drive
0WG085,,No,0WG085 - Dell 60GB 5.4KRPM SATA 1.5GB/s 2.5-inch Hard Drive
GNVWW,,No,GNVWW - Dell 500GB 7.2KRPM SATA 3GB/s 2.5-inch Hard Drive
0GNVWW,,No,0GNVWW - Dell 500GB 7.2KRPM SATA 3GB/s 2.5-inch Hard Drive
06V1R1,,No,06V1R1 - Dell 750GB 5.4KRPM SATA 6GB/s 2.5-inch Hard Drive
6V1R1,,No,6V1R1 - Dell 750GB 5.4KRPM SATA 6GB/s 2.5-inch Hard Drive
330-6147,,No,330-6147 - Dell 80GB 5.4KRPM SATA 2.5-inch Hard Drive
RR155,,No,RR155 - Dell 120GB 5.4KRPM SATA 3GB/s 2.5-inch Hard Drive
0RR155,,No,0RR155 - Dell 120GB 5.4KRPM SATA 3GB/s 2.5-inch Hard Drive
N221G,,No,N221G - Dell 320GB 5.4KRPM SATA 1.5GB/s 8MB Cache 2.5-inch Hard Drive
0N221G,,No,0N221G - Dell 320GB 5.4KRPM SATA 1.5GB/s 8MB Cache 2.5-inch Hard Drive
0PHX85,,No,0PHX85 - Dell 500GB 7.2KRPM SATA 6GB/s 2.5-inch Hard Drive
PHX85,,No,PHX85 - Dell 500GB 7.2KRPM SATA 6GB/s 2.5-inch Hard Drive
WG086,,No,WG086 - Dell 60GB 5.4KRPM SATA 1.5GB/s 2.5-inch Hard Drive
0WG086,,No,0WG086 - Dell 60GB 5.4KRPM SATA 1.5GB/s 2.5-inch Hard Drive
342-4801,,No,342-4801 - Dell 320GB 7.2KRPM SATA 3GB/s 2.5-inch Hard Drive
0XT8FR,,No,0XT8FR - Dell 500GB 5.4KRPM SATA 6GB/s 2.5-inch Hard Drive
XT8FR,,No,XT8FR - Dell 500GB 5.4KRPM SATA 6GB/s 2.5-inch Hard Drive
TG794,,No,TG794 - Dell 60GB 5.4KRPM SATA 1.5GB/s 2.5-inch Hard Drive
0TG794,,No,0TG794 - Dell 60GB 5.4KRPM SATA 1.5GB/s 2.5-inch Hard Drive
WG083,,No,WG083 - Dell 60GB 5.4KRPM SATA 1.5GB/s 2.5-inch Hard Drive
0WG083,,No,0WG083 - Dell 60GB 5.4KRPM SATA 1.5GB/s 2.5-inch Hard Drive
0C433D,,No,0C433D - Dell 120GB 5.4KRPM SATA 2.5-inch Hard Drive
6T1CW,,No,6T1CW - Dell 500GB 7.2KRPM SATA 3GB/s 2.5-inch Hard Drive
F19DV,,No,F19DV - Dell 500GB 7.2KRPM SATA 3GB/s 2.5-inch Hard Drive
JV6MX,,No,JV6MX - Dell 500GB 7.2KRPM SATA 3GB/s 2.5-inch Hard Drive
06T1CW,,No,06T1CW - Dell 500GB 7.2KRPM SATA 3GB/s 2.5-inch Hard Drive
0F19DV,,No,0F19DV - Dell 500GB 7.2KRPM SATA 3GB/s 2.5-inch Hard Drive
0JV6MX,,No,0JV6MX - Dell 500GB 7.2KRPM SATA 3GB/s 2.5-inch Hard Drive
M256G,,No,M256G - Dell 160GB 7.2KRPM SATA 1.5GB/s 16MB Cache 2.5-inch Hard Drive
0M256G,,No,0M256G - Dell 160GB 7.2KRPM SATA 1.5GB/s 2.5-inch Hard Drive
400-AGWI,,No,400-AGWI - Dell 2TB 5.4KRPM SATA 3GB/s 2.5-inch Hard Drive
UG519,,No,UG519 - Dell 60GB 5.4KRPM SATA 1.5GB/s 2.5-inch Hard Drive
0UG519,,No,0UG519 - Dell 60GB 5.4KRPM SATA 1.5GB/s 2.5-inch Hard Drive
FG010D,,No,FG010D - Dell 320GB 5.4KRPM SATA 3GB/s 2.5-inch Hard Drive
0YWWRJ,,No,0YWWRJ - Dell 750GB 5.4KRPM SATA 6GB/s 2.5-inch Hard Drive
88J6J,,No,88J6J - Dell 250GB 7.2KRPM SATA 3GB/s 2.5-inch Hard Drive
YWWRJ,,No,YWWRJ - Dell 750GB 5.4KRPM SATA 6GB/s 2.5-inch Hard Drive
088J6J,,No,088J6J - Dell 250GB 7.2KRPM SATA 3GB/s 2.5-inch Hard Drive
64JXT,,No,64JXT - Dell 160GB 5.4KRPM SATA 3GB/s 2.5-inch Hard Drive
064JXT,,No,064JXT - Dell 160GB 5.4KRPM SATA 3GB/s 2.5-inch Hard Drive
FPHYV,,No,FPHYV - Dell 250GB 5.4KRPM SATA 3GB/s 2.5-inch Hard Drive
0FPHYV,,No,0FPHYV - Dell 250GB 5.4KRPM SATA 3GB/s 2.5-inch Hard Drive
WKW5T,,No,WKW5T - Dell 250GB 5.4KRPM SATA 3GB/s 2.5-inch Hard Drive
0WKW5T,,No,0WKW5T - Dell 250GB 5.4KRPM SATA 3GB/s 2.5-inch Hard Drive
N008F,,No,N008F - Dell 160GB 5.4KRPM SATA-150 2.5-inch Hard Drive
0N008F,,No,0N008F - Dell 160GB 5.4KRPM SATA-150 2.5-inch Hard Drive
WJ039,,No,WJ039 - Dell 60GB 5.4KRPM ATA-100 2.5-inch Hard Drive
0WJ039,,No,0WJ039 - Dell 60GB 5.4KRPM ATA-100 2.5-inch Hard Drive
0P5X2K,,No,0P5X2K - Dell 500GB 7.2KRPM SATA 6GB/s 2.5-inch Hard Drive
342-2750,,No,342-2750 - Dell 500GB 7.2KRPM SATA 3GB/s 2.5-inch Hard Drive
342-3501,,No,342-3501 - Dell 500GB 7.2KRPM SATA 3GB/s 2.5-inch Hard Drive
342-3575,,No,342-3575 - Dell 500GB 7.2KRPM SATA 3GB/s 2.5-inch Hard Drive
400-ABNX,,No,400-ABNX - Dell 500GB 7.2KRPM SATA 3GB/s 2.5-inch Hard Drive
4MJKG,,No,4MJKG - Dell 500GB 5.4KRPM SATA 6GB/s 2.5-inch Hard Drive
A73315,,No,A73315 - Dell 500GB 7.2KRPM SATA 3GB/s 2.5-inch Hard Drive
J30145,,No,J30145 - Dell 500GB 5.4KRPM SATA 3GB/s 2.5-inch Hard Drive
P5X2K,,No,P5X2K - Dell 500GB 7.2KRPM SATA 6GB/s 2.5-inch Hard Drive
04MJKG,,No,04MJKG - Dell 500GB 5.4KRPM SATA 6GB/s 2.5-inch Hard Drive
K63VX,,No,K63VX - Dell 500GB 7.2KRPM SATA 3GB/s 2.5-inch Hard Drive
0K63VX,,No,0K63VX - Dell 500GB 7.2KRPM SATA 3GB/s 2.5-inch Hard Drive
GMTVG,,No,GMTVG - Dell 250GB 5.4KRPM SATA 3GB/s 2.5-inch Hard Drive
0GMTVG,,No,0GMTVG - Dell 250GB 5.4KRPM SATA 3GB/s 2.5-inch Hard Drive
7PFPM,,No,7PFPM - Dell 320GB 7.2KRPM SATA 6GB/s 2.5-inch Hard Drive
07PFPM,,No,07PFPM - Dell 320GB 7.2KRPM SATA 6GB/s 2.5-inch Hard Drive
08N9D5,,No,08N9D5 - Dell 2TB 7.2KRPM SATA 6GB/s 2.5-inch Hard Drive
0HMYTD,,No,0HMYTD - Dell 2TB 7.2KRPM SATA 6GB/s 2.5-inch Hard Drive
400-AORG,,No,400-AORG - Dell 2TB 5.4KRPM SATA 6GB/s 2.5-inch Hard Drive
0F8XG1,,No,0F8XG1 - Dell 500GB 5.4KRPM SATA 6GB/s 2.5-inch Hard Drive
F8XG1,,No,F8XG1 - Dell 500GB 5.4KRPM SATA 6GB/s 2.5-inch Hard Drive
0J7Y1,,No,0J7Y1 - Dell 320GB 7.2KRPM SATA 3GB/s 2.5-inch Hard Drive
4CV6M,,No,4CV6M - Dell 320GB 7.2KRPM SATA 3GB/s 2.5-inch Hard Drive
X3VVV,,No,X3VVV - Dell 320GB 7.2KRPM SATA 3GB/s 2.5-inch Hard Drive
00J7Y1,,No,00J7Y1 - Dell 320GB 7.2KRPM SATA 3GB/s 2.5-inch Hard Drive
04CV6M,,No,04CV6M - Dell 320GB 7.2KRPM SATA 3GB/s 2.5-inch Hard Drive
0X3VVV,,No,0X3VVV - Dell 320GB 7.2KRPM SATA 3GB/s 2.5-inch Hard Drive
400-AEMQ,,No,400-AEMQ - Dell 500GB 7.2KRPM SATA 6GB/s 2.5-inch Hard Drive
400-AENT,,No,400-AENT - Dell 500GB 7.2KRPM SATA 6GB/s 2.5-inch Hard Drive
J3RN1,,No,J3RN1 - Dell 500GB 5.4KRPM SATA 3GB/s 2.5-inch Hard Drive
X6YDH,,No,X6YDH - Dell 500GB 5.4KRPM SATA 3GB/s 2.5-inch Hard Drive
0J3RN1,,No,0J3RN1 - Dell 500GB 5.4KRPM SATA 3GB/s 2.5-inch Hard Drive
0X6YDH,,No,0X6YDH - Dell 500GB 5.4KRPM SATA 3GB/s 2.5-inch Hard Drive
M851H,,No,M851H - Dell 120GB 5.4KRPM SATA-150 8MB Cache 2.5-inch Hard Drive
0M851H,,No,0M851H - Dell 120GB 5.4KRPM SATA-150 8MB Cache 2.5-inch Hard Drive
44M8F,,No,44M8F - Dell 500GB 5.4KRPM SATA 3GB/s 2.5-inch Hard Drive
87X04,,No,87X04 - Dell 500GB 5.4KRPM SATA 3GB/s 2.5-inch Hard Drive
044M8F,,No,044M8F - Dell 500GB 5.4KRPM SATA 3GB/s 2.5-inch Hard Drive
087X04,,No,087X04 - Dell 500GB 5.4KRPM SATA 3GB/s 2.5-inch Hard Drive
13HVH,,No,13HVH - Dell 250GB 7.2KRPM SATA 3GB/s 2.5-inch Hard Drive
013HVH,,No,013HVH - Dell 250GB 7.2KRPM SATA 3GB/s 2.5-inch Hard Drive
862Y3,,No,862Y3 - Dell 250GB 7.2KRPM SATA 3GB/s 2.5-inch Hard Drive
8C6K0,,No,8C6K0 - Dell 250GB 7.2KRPM SATA 3GB/s 2.5-inch Hard Drive
FY907,,No,FY907 - Dell 60GB 5.4KRPM SATA 1.5GB/s 2.5-inch Hard Drive
JDMNT,,No,JDMNT - Dell 250GB 7.2KRPM SATA 3GB/s 2.5-inch Hard Drive
YF6Y5,,No,YF6Y5 - Dell 250GB 7.2KRPM SATA 3GB/s 2.5-inch Hard Drive
0862Y3,,No,0862Y3 - Dell 250GB 7.2KRPM SATA 3GB/s 2.5-inch Hard Drive
08C6K0,,No,08C6K0 - Dell 250GB 7.2KRPM SATA 3GB/s 2.5-inch Hard Drive
0FY907,,No,0FY907 - Dell 60GB 5.4KRPM SATA 1.5GB/s 2.5-inch Hard Drive
0JDMNT,,No,0JDMNT - Dell 250GB 7.2KRPM SATA 3GB/s 2.5-inch Hard Drive
0YF6Y5,,No,0YF6Y5 - Dell 250GB 7.2KRPM SATA 3GB/s 2.5-inch Hard Drive
342-4888,,No,342-4888 - Dell 1TB 7.2KRPM SATA 6GB/s 2.5-inch Hard Drive
342-4889,,No,342-4889 - Dell 1TB 7.2KRPM SATA 6GB/s 2.5-inch Hard Drive
NNXRR,,No,NNXRR - Dell 320GB 7.2KRPM SATA 6GB/s 2.5-inch Hard Drive
0NNXRR,,No,0NNXRR - Dell 320GB 7.2KRPM SATA 6GB/s 2.5-inch Hard Drive
G400J,,No,G400J - Dell 120GB 5.4KRPM SATA 3GB/s 2.5-inch Hard Drive
0G400J,,No,0G400J - Dell 120GB 5.4KRPM SATA 3GB/s 2.5-inch Hard Drive
R62V8,,No,R62V8 - Dell 250GB 7.2KRPM SATA 3GB/s 2.5-inch Hard Drive
0R62V8,,No,0R62V8 - Dell 250GB 7.2KRPM SATA 3GB/s 2.5-inch Hard Drive
0JCD4T,,No,0JCD4T - Dell 2TB 7.2KRPM SATA 6GB/s 2.5-inch Hard Drive
0VV1JC,,No,0VV1JC - Dell 2TB 7.2KRPM SATA 6GB/s 2.5-inch Hard Drive
0WCJ3G,,No,0WCJ3G - Dell 2TB 7.2KRPM SATA 6GB/s 2.5-inch Hard Drive
5KPHH,,No,5KPHH - Dell 320GB 5.4KRPM SATA 3GB/s 2.5-inch Hard Drive
JFCYX,,No,JFCYX - Dell 320GB 5.4KRPM SATA 3GB/s 2.5-inch Hard Drive
K57M7,,No,K57M7 - Dell 320GB 5.4KRPM SATA 3GB/s 2.5-inch Hard Drive
05KPHH,,No,05KPHH - Dell 320GB 5.4KRPM SATA 3GB/s 2.5-inch Hard Drive
0JFCYX,,No,0JFCYX - Dell 320GB 5.4KRPM SATA 3GB/s 2.5-inch Hard Drive
0K57M7,,No,0K57M7 - Dell 320GB 5.4KRPM SATA 3GB/s 2.5-inch Hard Drive
0PCXYC,,No,0PCXYC - Dell 1TB 5.4KRPM SATA 6GB/s 2.5-inch Hard Drive
PCXYC,,No,PCXYC - Dell 1TB 5.4KRPM SATA 6GB/s 2.5-inch Hard Drive
TN610,,No,TN610 - Dell 80GB 5.4KRPM SATA 1.5GB/s 2.5-inch Hard Drive
0TN610,,No,0TN610 - Dell 80GB 5.4KRPM SATA 1.5GB/s 2.5-inch Hard Drive
0GMM1,,No,0GMM1 - Dell 500GB 7.2KRPM SATA 6GB/s 2.5-inch Hard Drive
00GMM1,,No,00GMM1 - Dell 500GB 7.2KRPM SATA 6GB/s 2.5-inch Hard Drive
XVWK8,,No,XVWK8 - Dell 2TB 5.4KRPM SATA 6GB/s 2.5-inch Hard Drive
0XVWK8,,No,0XVWK8 - Dell 2TB 5.4KRPM SATA 6GB/s 2.5-inch Hard Drive
400-ADGW,,No,400-ADGW - Dell 500GB 5.4KRPM SATA 6GB/s 2.5-inch Hard Drive
341-9810,,No,341-9810 - Dell 80GB 5.4KRPM SATA 3GB/s 8MB Cache 2.5-inch Hard Drive
1GMNN,,No,1GMNN - Dell 320GB 5.4KRPM SATA 3GB/s 2.5-inch Hard Drive
01GMNN,,No,01GMNN - Dell 320GB 5.4KRPM SATA 3GB/s 2.5-inch Hard Drive
N063G,,No,N063G - Dell 120GB 5.4KRPM SATA-150 8MB Cache 2.5-inch Hard Drive
C430D,,No,C430D - Dell 80GB 5.4KRPM SATA-150 8MB Cache 2.5-inch Hard Drive
0C430D,,No,0C430D - Dell 80GB 5.4KRPM SATA-150 8MB Cache 2.5-inch Hard Drive
0N063G,,No,0N063G - Dell 120GB 5.4KRPM SATA-150 8MB Cache 2.5-inch Hard Drive
P002H,,No,P002H - Dell 160GB 7.2KRPM SATA 2.5-inch Hard Drive
0P002H,,No,0P002H - Dell 160GB 7.2KRPM SATA 2.5-inch Hard Drive
0CT899,,No,0CT899 - Dell 80GB 4.2KRPM SATA 1.5GB/s 2.5-inch Hard Drive
CT899,,No,CT899 - Dell 80GB 4.2KRPM SATA 1.5GB/s 2.5-inch Hard Drive
C710R,,No,C710R - Dell 80GB 5.4KRPM SATA 3GB/s 8MB Cache 2.5-inch Hard Drive
0C710R,,No,0C710R - Dell 80GB 5.4KRPM SATA 3GB/s 8MB Cache 2.5-inch Hard Drive
0V1F87,,No,0V1F87 - Dell 500GB 7.2KRPM SATA 3GB/s 16MB Cache 2.5-inch Hard Drive
V1F87,,No,V1F87 - Dell 500GB 7.2KRPM SATA 3GB/s 16MB Cache 2.5-inch Hard Drive
1CRG7,,No,1CRG7 - Dell 320GB 7.2KRPM SATA 2.5-inch Hard Drive
01CRG7,,No,01CRG7 - Dell 320GB 7.2KRPM SATA 2.5-inch Hard Drive
400-AALC,,No,400-AALC - Dell 500GB 5.4KRPM SATA 6GB/s 2.5-inch Hard Drive
342-2317,,No,342-2317 - Dell 500GB 7.2KRPM SATA 3GB/s 2.5-inch Hard Drive
0431C,,No,0431C - Dell 3GB 4.2KRPM ATA-33 2.5-inch Hard Drive
00431C,,No,00431C - Dell 3GB 4.2KRPM ATA-33 2.5-inch Hard Drive
KVW15,,No,KVW15 - Dell 320GB 7.2KRPM SATA 3GB/s 2.5-inch Hard Drive
0J8FXR,,No,0J8FXR - Dell 500GB 5.4KRPM SATA 6GB/s 2.5-inch Hard Drive
0M5WTW,,No,0M5WTW - Dell 500GB 5.4KRPM SATA 6GB/s 2.5-inch Hard Drive
J8FXR,,No,J8FXR - Dell 500GB 5.4KRPM SATA 6GB/s 2.5-inch Hard Drive
M5WTW,,No,M5WTW - Dell 500GB 5.4KRPM SATA 6GB/s 2.5-inch Hard Drive
0KVW15,,No,0KVW15 - Dell 320GB 7.2KRPM SATA 3GB/s 2.5-inch Hard Drive
H3147,,No,H3147 - Dell 60GB 4.2KRPM ATA-100 2.5-inch Hard Drive
0H3147,,No,0H3147 - Dell 60GB 4.2KRPM ATA-100 2.5-inch Hard Drive
341-8890,,No,341-8890 - Dell 320GB 5.4KRPM SATA 3GB/s 8MB Cache 2.5-inch Hard Drive
K7YMN,,No,K7YMN - Dell 500GB 7.2KRPM SATA 6GB/s 2.5-inch Hard Drive
400-AEMC,,No,400-AEMC - Dell 500GB 7.2KRPM SATA 6GB/s 2.5-inch Hard Drive
0K7YMN,,No,0K7YMN - Dell 500GB 7.2KRPM SATA 6GB/s 2.5-inch Hard Drive
342-4852,,No,342-4852 - Dell 500GB 7.2KRPM SATA 3GB/s 2.5-inch Hard Drive
342-4892,,No,342-4892 - Dell 500GB 7.2KRPM SATA 3GB/s 2.5-inch Hard Drive
342-4893,,No,342-4893 - Dell 500GB 7.2KRPM SATA 3GB/s 2.5-inch Hard Drive
342-4894,,No,342-4894 - Dell 500GB 7.2KRPM SATA 3GB/s 2.5-inch Hard Drive
K808G,,No,K808G - Dell 160GB 7.2KRPM SATA-300 8 MB Cache 2.5-inch Hard Drive
0K808G,,No,0K808G - Dell 160GB 7.2KRPM SATA-300 8 MB Cache 2.5-inch Hard Drive
342-3985,,No,342-3985 - Dell 500GB 7.2KRPM SATA 6GB/s 2.5-inch Hard Drive
3TVKN,,No,3TVKN - Dell 320GB 5.4KRPM SATA 6GB/s 2.5-inch Hard Drive
03TVKN,,No,03TVKN - Dell 320GB 5.4KRPM SATA 6GB/s 2.5-inch Hard Drive
400-ADGY,,No,400-ADGY - Dell 1TB 5.4KRPM SATA 6GB/s 2.5-inch Hard Drive
0385C,,No,0385C - Dell 6GB 4.2KRPM ATA-66 2.5-inch Hard Drive
JP142,,No,JP142 - Dell 160GB 5.4KRPM SATA 3GB/s 2.5-inch Hard Drive
00385C,,No,00385C - Dell 6GB 4.2KRPM ATA-66 2.5-inch Hard Drive
400-AGIZ,,No,400-AGIZ - Dell 1TB 5.4KRPM SATA 6GB/s 2.5-inch Hard Drive
N010F,,No,N010F - Dell 160GB 7.2KRPM SATA-150 16MB Cache 2.5-inch Hard Drive
0N010F,,No,0N010F - Dell 160GB 7.2KRPM SATA-150 16MB Cache 2.5-inch Hard Drive
HXD1X,,No,HXD1X - Dell 160GB 5.4KRPM SATA 3GB/s 2.5-inch Hard Drive
0HXD1X,,No,0HXD1X - Dell 160GB 5.4KRPM SATA 3GB/s 2.5-inch Hard Drive
148J1,,No,148J1 - Dell 250GB 5.4KRPM SATA 3GB/s 2.5-inch Hard Drive
